Key,Class
1,Keci
2,Keci
3,Keci
4,Keci
5,Keci
6,Keci
7,Keci
8,Keci
9,Keci
10,Keci
11,Keci
12,Keci
13,Keci
14,Keci
15,Keci
16,Keci
17,Keci
18,Keci
19,Keci
20,Keci
21,Keci
22,Keci
23,Keci
24,Keci
25,Keci
26,Keci
27,Keci
28,Keci
29,Keci
30,Keci
31,Keci
32,Keci
33,Keci
34,Keci
35,Keci
36,Keci
37,Keci
38,Keci
39,Keci
40,Keci
41,Keci
42,Keci
43,Keci
44,Keci
45,Keci
46,Keci
47,Keci
48,Keci
49,Keci
50,Keci
51,Keci
52,Keci
53,Keci
54,Keci
55,Keci
56,Keci
57,Keci
58,Keci
59,Keci
60,Keci
61,Keci
62,Keci
63,Keci
64,Keci
65,Keci
66,Keci
67,Keci
68,Keci
69,Keci
70,Keci
71,Keci
72,Keci
73,Keci
74,Keci
75,Keci
76,Keci
77,Keci
78,Keci
79,Keci
80,Keci
81,Keci
82,Keci
83,Keci
84,Keci
85,Keci
86,Keci
87,Keci
88,Keci
89,Keci
90,Keci
91,Keci
92,Keci
93,Keci
94,Keci
95,Keci
96,Keci
97,Keci
98,Keci
99,Keci
100,Keci
101,Keci
102,Keci
103,Keci
104,Keci
105,Keci
106,Keci
107,Keci
108,Keci
109,Keci
110,Keci
111,Keci
112,Keci
113,Keci
114,Keci
115,Keci
116,Keci
117,Keci
118,Keci
119,Keci
120,Keci
121,Keci
122,Keci
123,Keci
124,Keci
125,Keci
126,Keci
127,Keci
128,Keci
129,Keci
130,Keci
131,Keci
132,Keci
133,Keci
134,Keci
135,Keci
136,Keci
137,Keci
138,Keci
139,Keci
140,Keci
141,Keci
142,Keci
143,Keci
144,Keci
145,Keci
146,Keci
147,Keci
148,Keci
149,Keci
150,Keci
151,Keci
152,Keci
153,Keci
154,Keci
155,Keci
156,Keci
157,Keci
158,Keci
159,Keci
160,Keci
161,Keci
162,Keci
163,Keci
164,Keci
165,Keci
166,Keci
167,Keci
168,Keci
169,Keci
170,Keci
171,Keci
172,Keci
173,Keci
174,Keci
175,Keci
176,Keci
177,Keci
178,Keci
179,Keci
180,Keci
181,Keci
182,Keci
183,Keci
184,Keci
185,Keci
186,Keci
187,Keci
188,Keci
189,Keci
190,Keci
191,Keci
192,Keci
193,Keci
194,Keci
195,Bes
196,Keci
197,Keci
198,Keci
199,Keci
200,Keci
201,Keci
202,Keci
203,Keci
204,Keci
205,Keci
206,Bes
207,Keci
208,Bes
209,Keci
210,Bes
211,Keci
212,Keci
213,Keci
214,Bes
215,Bes
216,Keci
217,Keci
218,Keci
219,Keci
220,Keci
221,Keci
222,Bes
223,Bes
224,Keci
225,Keci
226,Keci
227,Keci
228,Bes
229,Keci
230,Bes
231,Bes
232,Keci
233,Bes
234,Keci
235,Bes
236,Bes
237,Bes
238,Bes
239,Bes
240,Keci
241,Bes
242,Keci
243,Keci
244,Bes
245,Bes
246,Bes
247,Bes
248,Bes
249,Bes
250,Bes
251,Bes
252,Bes
253,Bes
254,Bes
255,Bes
256,Bes
257,Bes
258,Bes
259,Bes
260,Bes
261,Bes
262,Bes
263,Bes
264,Bes
265,Bes
266,Bes
267,Bes
268,Bes
269,Bes
270,Bes
271,Bes
272,Bes
273,Bes
274,Bes
275,Bes
276,Bes
277,Bes
278,Bes
279,Bes
280,Bes
281,Bes
282,Bes
283,Bes
284,Bes
285,Bes
286,Bes
287,Bes
288,Bes
289,Bes
290,Bes
291,Bes
292,Bes
293,Bes
294,Bes
295,Bes
296,Bes
297,Bes
298,Bes
299,Bes
300,Bes
301,Bes
302,Bes
303,Bes
304,Bes
305,Bes
306,Bes
307,Bes
308,Bes
309,Bes
310,Bes
311,Bes
312,Bes
313,Bes
314,Bes
315,Bes
316,Bes
317,Bes
318,Bes
319,Bes
320,Bes
321,Bes
322,Bes
323,Bes
324,Bes
325,Bes
326,Bes
327,Bes
328,Bes
329,Bes
330,Bes
331,Bes
332,Bes
333,Bes
334,Bes
335,Bes
336,Bes
337,Bes
338,Bes
339,Bes
340,Bes
341,Bes
342,Bes
343,Bes
344,Bes
345,Bes
346,Bes
347,Bes
348,Bes
349,Bes
350,Bes
351,Bes
352,Bes
353,Bes
354,Bes
355,Bes
356,Bes
357,Bes
358,Bes
359,Bes
360,Bes
361,Bes
362,Bes
363,Bes
364,Bes
365,Bes
366,Bes
367,Bes
368,Bes
369,Bes
370,Bes
371,Bes
372,Bes
373,Bes
374,Bes
375,Bes
376,Bes
377,Bes
378,Bes
379,Bes
380,Bes
381,Bes
382,Bes
383,Bes
384,Bes
385,Bes
386,Bes
387,Bes
388,Bes
389,Bes
390,Bes
391,Bes
392,Bes
393,Bes
394,Bes
395,Bes
396,Bes
397,Bes
398,Bes
399,Bes
400,Bes
401,Bes
402,Bes
403,Bes
404,Bes
405,Bes
